{
    "loss": 1.1022818088531494,
    "accuracy": 0.8362069129943848
}