{
    "loss": 0.671908974647522,
    "accuracy": 0.8965517282485962
}