{
    "loss": 0.7990097403526306,
    "accuracy": 0.8879310488700867
}